{
  "mean_fit_time": [
    19.834864377975464, 263.16627438863117, 19.166794300079346,
    247.22800135612488, 19.76435136795044, 261.77392562230426,
    50.332038243611656, 533.1766364574432, 57.41875139872233, 530.230038801829,
    51.246726989746094, 519.8935426870981, 16.74592614173889,
    222.99839091300964, 22.006709973017376, 204.68700901667276,
    25.459628423055012, 202.78293323516846, 37.045255263646446,
    315.77259008089703, 36.647573947906494, 285.47690351804096,
    41.437769095102944, 260.38504878679913
  ],
  "std_fit_time": [
    0.4587356738069836, 49.93702500084603, 0.7427572813567259,
    44.888929350146384, 1.2785295186060253, 38.59753101279413,
    2.6020873610348874, 21.622943687778598, 5.1340837168464075,
    22.190903679718406, 5.839322908965869, 42.53084778724627, 1.774753102882283,
    23.915703250099398, 2.648075746879869, 14.748919043214146,
    2.6281294884671516, 11.888796757107286, 2.5467163599757887,
    16.25496856248825, 1.0756094130245446, 24.18376878740984,
    2.7172329687867083, 9.465374748802029
  ],
  "mean_score_time": [
    0.4104139804840088, 8.982557853062948, 0.4756058057149251,
    5.142177899678548, 0.644438902537028, 6.274569193522136, 1.8621030648549397,
    6.8382736047108965, 1.6267482439676921, 10.28435222307841,
    1.2144441604614258, 6.063023090362549, 1.1439426740010579,
    5.647656838099162, 1.8902761141459148, 5.5879355271657305,
    1.6268845399220784, 6.917830308278401, 1.4517536163330078,
    2.6860592365264893, 1.6637253761291504, 2.3876856168111167,
    2.1783607800801597, 0.7349554697672526
  ],
  "std_score_time": [
    0.020051127892456316, 2.2113615497229113, 0.034589429109892815,
    0.5157919825233387, 0.1603767093122253, 2.9924014596880633,
    0.26359065203552134, 1.0413898272523816, 0.2294307368895431,
    2.2014823391634524, 0.39168313269801186, 0.9868127615117014,
    0.4194716385351113, 0.2053980053102722, 0.23736091727770567,
    0.23253748537264737, 0.3415423112083208, 2.9419990536760037,
    0.22126529981118848, 0.7033053587495136, 0.43575049010618755,
    0.762126504251946, 0.9582922486739202, 0.25086168132594644
  ],
  "param_batch_size": [
    32, 32, 32, 32, 32, 32, 32, 32, 32, 32, 32, 32, 64, 64, 64, 64, 64, 64, 64,
    64, 64, 64, 64, 64
  ],
  "param_epochs": [
    10, 10, 10, 10, 10, 10, 20, 20, 20, 20, 20, 20, 10, 10, 10, 10, 10, 10, 20,
    20, 20, 20, 20, 20
  ],
  "param_learning_rate": [
    0.001, 0.001, 0.01, 0.01, 0.1, 0.1, 0.001, 0.001, 0.01, 0.01, 0.1, 0.1,
    0.001, 0.001, 0.01, 0.01, 0.1, 0.1, 0.001, 0.001, 0.01, 0.01, 0.1, 0.1
  ],
  "param_model_type": [
    "mlp",
    "cnn",
    "mlp",
    "cnn",
    "mlp",
    "cnn",
    "mlp",
    "cnn",
    "mlp",
    "cnn",
    "mlp",
    "cnn",
    "mlp",
    "cnn",
    "mlp",
    "cnn",
    "mlp",
    "cnn",
    "mlp",
    "cnn",
    "mlp",
    "cnn",
    "mlp",
    "cnn"
  ],
  "params": [
    {
      "batch_size": 32,
      "epochs": 10,
      "learning_rate": 0.001,
      "model_type": "mlp"
    },
    {
      "batch_size": 32,
      "epochs": 10,
      "learning_rate": 0.001,
      "model_type": "cnn"
    },
    {
      "batch_size": 32,
      "epochs": 10,
      "learning_rate": 0.01,
      "model_type": "mlp"
    },
    {
      "batch_size": 32,
      "epochs": 10,
      "learning_rate": 0.01,
      "model_type": "cnn"
    },
    {
      "batch_size": 32,
      "epochs": 10,
      "learning_rate": 0.1,
      "model_type": "mlp"
    },
    {
      "batch_size": 32,
      "epochs": 10,
      "learning_rate": 0.1,
      "model_type": "cnn"
    },
    {
      "batch_size": 32,
      "epochs": 20,
      "learning_rate": 0.001,
      "model_type": "mlp"
    },
    {
      "batch_size": 32,
      "epochs": 20,
      "learning_rate": 0.001,
      "model_type": "cnn"
    },
    {
      "batch_size": 32,
      "epochs": 20,
      "learning_rate": 0.01,
      "model_type": "mlp"
    },
    {
      "batch_size": 32,
      "epochs": 20,
      "learning_rate": 0.01,
      "model_type": "cnn"
    },
    {
      "batch_size": 32,
      "epochs": 20,
      "learning_rate": 0.1,
      "model_type": "mlp"
    },
    {
      "batch_size": 32,
      "epochs": 20,
      "learning_rate": 0.1,
      "model_type": "cnn"
    },
    {
      "batch_size": 64,
      "epochs": 10,
      "learning_rate": 0.001,
      "model_type": "mlp"
    },
    {
      "batch_size": 64,
      "epochs": 10,
      "learning_rate": 0.001,
      "model_type": "cnn"
    },
    {
      "batch_size": 64,
      "epochs": 10,
      "learning_rate": 0.01,
      "model_type": "mlp"
    },
    {
      "batch_size": 64,
      "epochs": 10,
      "learning_rate": 0.01,
      "model_type": "cnn"
    },
    {
      "batch_size": 64,
      "epochs": 10,
      "learning_rate": 0.1,
      "model_type": "mlp"
    },
    {
      "batch_size": 64,
      "epochs": 10,
      "learning_rate": 0.1,
      "model_type": "cnn"
    },
    {
      "batch_size": 64,
      "epochs": 20,
      "learning_rate": 0.001,
      "model_type": "mlp"
    },
    {
      "batch_size": 64,
      "epochs": 20,
      "learning_rate": 0.001,
      "model_type": "cnn"
    },
    {
      "batch_size": 64,
      "epochs": 20,
      "learning_rate": 0.01,
      "model_type": "mlp"
    },
    {
      "batch_size": 64,
      "epochs": 20,
      "learning_rate": 0.01,
      "model_type": "cnn"
    },
    {
      "batch_size": 64,
      "epochs": 20,
      "learning_rate": 0.1,
      "model_type": "mlp"
    },
    {
      "batch_size": 64,
      "epochs": 20,
      "learning_rate": 0.1,
      "model_type": "cnn"
    }
  ],
  "split0_test_score": [
    0.7613469985358712, 0.8404099560761347, 0.7613469985358712,
    0.821376281112738, 0.24890190336749635, 0.25036603221083453,
    0.7510980966325037, 0.8682284040995608, 0.7598828696925329,
    0.8038067349926794, 0.25036603221083453, 0.25036603221083453,
    0.7437774524158126, 0.849194729136164, 0.726207906295754,
    0.8565153733528551, 0.40995607613469986, 0.25036603221083453,
    0.7525622254758418, 0.8535871156661786, 0.746705710102489,
    0.8008784773060029, 0.2518301610541728, 0.5358711566617862
  ],
  "split1_test_score": [
    0.7964860907759883, 0.8916544655929722, 0.7642752562225475,
    0.7950219619326501, 0.25036603221083453, 0.25036603221083453,
    0.8023426061493412, 0.8740849194729137, 0.8008784773060029,
    0.8667642752562226, 0.25036603221083453, 0.25036603221083453,
    0.787701317715959, 0.8960468521229868, 0.7847730600292826,
    0.8506588579795022, 0.28111273792093705, 0.6896046852122987,
    0.7891654465592972, 0.8872620790629575, 0.808199121522694,
    0.8389458272327965, 0.25329428989751096, 0.2518301610541728
  ],
  "split2_test_score": [
    0.7609970674486803, 0.8724340175953079, 0.7565982404692082,
    0.8313782991202346, 0.24926686217008798, 0.250733137829912,
    0.7580645161290323, 0.8695014662756598, 0.7903225806451613,
    0.8636363636363636, 0.250733137829912, 0.250733137829912,
    0.7609970674486803, 0.8651026392961877, 0.7697947214076246,
    0.8299120234604106, 0.250733137829912, 0.26392961876832843,
    0.7565982404692082, 0.8900293255131965, 0.7727272727272727,
    0.7859237536656891, 0.250733137829912, 0.6304985337243402
  ],
  "mean_test_score": [
    0.7729433855868466, 0.8681661464214717, 0.7607401650758755,
    0.8159255140552076, 0.24951159924947297, 0.25048840075052703,
    0.7705017396369591, 0.8706049299493781, 0.783694642547899,
    0.8447357912950886, 0.25048840075052703, 0.25048840075052703,
    0.7641586125268173, 0.8701147401851128, 0.7602585625775538,
    0.8456954182642561, 0.3139339839618496, 0.4013001120638206,
    0.766108637501449, 0.8769595067474443, 0.7758773681174853,
    0.808582686068163, 0.2519525295938652, 0.47273328381343305
  ],