{
  "mean_fit_time": [
    23.838055451711018, 285.58657002449036, 22.73044776916504,
    294.72089616457623, 23.67366313934326, 279.96642152468365,
    60.05469592412313, 633.6750419934591, 66.74553362528484, 669.6877145767212,
    70.49752116203308, 648.377031882604, 24.077688614527386, 290.820477326711,
    25.358455896377563, 278.86098742485046, 26.947256803512573,
    276.21029869715375, 41.07802756627401, 408.2658107280731,
    36.388057788213096, 391.59856907526654, 43.25620484352112,
    331.09534883499146
  ],
  "std_fit_time": [
    0.6117065854418285, 39.16315484060849, 1.007995453732315,
    21.393402337911713, 0.626964983619138, 26.501623931840303,
    4.454182207262659, 31.241945832529964, 8.011661083520375, 7.360394824645042,
    6.688699556427282, 13.2181170981214, 1.6377532125143928, 42.16734350286229,
    2.2055142906401835, 1.164226671028556, 4.20695152613902, 43.72579357951654,
    4.275523839385056, 3.706042722061326, 1.9935532268788891, 14.24166802775278,
    2.0311438511117514, 8.438164914020932
  ],
  "mean_score_time": [
    1.1212456226348877, 8.344171603520712, 0.7045265833536783,
    6.546495119730632, 0.7407247225443522, 7.112205108006795,
    2.0766419569651284, 9.732561190923056, 1.2578900655110676,
    6.075986782709758, 2.0351943969726562, 6.875500917434692,
    1.3572691281636555, 5.427931785583496, 1.185707966486613, 5.749629656473796,
    1.3972704410552979, 4.8557374477386475, 0.7796782652537028,
    3.867093086242676, 2.191272576649984, 1.4960254033406575, 1.791450023651123,
    0.6729541619618734
  ],
  "std_score_time": [
    0.4548066364671905, 1.7720591995229171, 0.1970114510591689,
    0.33611880213141954, 0.1065880228798735, 0.8150420488194042,
    0.3831202941542582, 2.4177853031955054, 0.2465385705104452,
    0.42852698077824, 0.7551142572512426, 2.6466610497200396, 0.449488987339516,
    0.22482341069938552, 0.4015368152864745, 1.7146092557638246,
    0.3956690260767001, 0.6066476765461952, 0.07792747845060595,
    1.1482877836447312, 0.6037654582823985, 0.10473069453535984,
    0.17359630600829393, 0.20687835452003325
  ],
  "param_batch_size": [
    32, 32, 32, 32, 32, 32, 32, 32, 32, 32, 32, 32, 64, 64, 64, 64, 64, 64, 64,
    64, 64, 64, 64, 64
  ],
  "param_epochs": [
    10, 10, 10, 10, 10, 10, 20, 20, 20, 20, 20, 20, 10, 10, 10, 10, 10, 10, 20,
    20, 20, 20, 20, 20
  ],
  "param_learning_rate": [
    0.001, 0.001, 0.01, 0.01, 0.1, 0.1, 0.001, 0.001, 0.01, 0.01, 0.1, 0.1,
    0.001, 0.001, 0.01, 0.01, 0.1, 0.1, 0.001, 0.001, 0.01, 0.01, 0.1, 0.1
  ],
  "param_model_type": [
    "mlp",
    "cnn",
    "mlp",
    "cnn",
    "mlp",
    "cnn",
    "mlp",
    "cnn",
    "mlp",
    "cnn",
    "mlp",
    "cnn",
    "mlp",
    "cnn",
    "mlp",
    "cnn",
    "mlp",
    "cnn",
    "mlp",
    "cnn",
    "mlp",
    "cnn",
    "mlp",
    "cnn"
  ],
  "params": [
    {
      "batch_size": 32,
      "epochs": 10,
      "learning_rate": 0.001,
      "model_type": "mlp"
    },
    {
      "batch_size": 32,
      "epochs": 10,
      "learning_rate": 0.001,
      "model_type": "cnn"
    },
    {
      "batch_size": 32,
      "epochs": 10,
      "learning_rate": 0.01,
      "model_type": "mlp"
    },
    {
      "batch_size": 32,
      "epochs": 10,
      "learning_rate": 0.01,
      "model_type": "cnn"
    },
    {
      "batch_size": 32,
      "epochs": 10,
      "learning_rate": 0.1,
      "model_type": "mlp"
    },
    {
      "batch_size": 32,
      "epochs": 10,
      "learning_rate": 0.1,
      "model_type": "cnn"
    },
    {
      "batch_size": 32,
      "epochs": 20,
      "learning_rate": 0.001,
      "model_type": "mlp"
    },
    {
      "batch_size": 32,
      "epochs": 20,
      "learning_rate": 0.001,
      "model_type": "cnn"
    },
    {
      "batch_size": 32,
      "epochs": 20,
      "learning_rate": 0.01,
      "model_type": "mlp"
    },
    {
      "batch_size": 32,
      "epochs": 20,
      "learning_rate": 0.01,
      "model_type": "cnn"
    },
    {
      "batch_size": 32,
      "epochs": 20,
      "learning_rate": 0.1,
      "model_type": "mlp"
    },
    {
      "batch_size": 32,
      "epochs": 20,
      "learning_rate": 0.1,
      "model_type": "cnn"
    },
    {
      "batch_size": 64,
      "epochs": 10,
      "learning_rate": 0.001,
      "model_type": "mlp"
    },
    {
      "batch_size": 64,
      "epochs": 10,
      "learning_rate": 0.001,
      "model_type": "cnn"
    },
    {
      "batch_size": 64,
      "epochs": 10,
      "learning_rate": 0.01,
      "model_type": "mlp"
    },
    {
      "batch_size": 64,
      "epochs": 10,
      "learning_rate": 0.01,
      "model_type": "cnn"
    },
    {
      "batch_size": 64,
      "epochs": 10,
      "learning_rate": 0.1,
      "model_type": "mlp"
    },
    {
      "batch_size": 64,
      "epochs": 10,
      "learning_rate": 0.1,
      "model_type": "cnn"
    },
    {
      "batch_size": 64,
      "epochs": 20,
      "learning_rate": 0.001,
      "model_type": "mlp"
    },
    {
      "batch_size": 64,
      "epochs": 20,
      "learning_rate": 0.001,
      "model_type": "cnn"
    },
    {
      "batch_size": 64,
      "epochs": 20,
      "learning_rate": 0.01,
      "model_type": "mlp"
    },
    {
      "batch_size": 64,
      "epochs": 20,
      "learning_rate": 0.01,
      "model_type": "cnn"
    },
    {
      "batch_size": 64,
      "epochs": 20,
      "learning_rate": 0.1,
      "model_type": "mlp"
    },
    {
      "batch_size": 64,
      "epochs": 20,
      "learning_rate": 0.1,
      "model_type": "cnn"
    }
  ],
  "split0_test_score": [
    0.7903981264637002, 0.8864168618266979, 0.7646370023419203,
    0.8161592505854801, 0.20023419203747073, 0.19789227166276346,
    0.7915690866510539, 0.882903981264637, 0.7915690866510539,
    0.7868852459016393, 0.20023419203747073, 0.20023419203747073,
    0.788056206088993, 0.8817330210772834, 0.7763466042154566,
    0.8384074941451991, 0.20023419203747073, 0.3559718969555035,
    0.7868852459016393, 0.8770491803278688, 0.7857142857142857,
    0.8512880562060889, 0.20023419203747073, 0.20023419203747073
  ],
  "split1_test_score": [
    0.7995310668229777, 0.9073856975381008, 0.7913247362250879,
    0.8429073856975381, 0.19929660023446658, 0.20046893317702227,
    0.8089097303634232, 0.9097303634232122, 0.8124267291910903,
    0.8522860492379836, 0.19929660023446658, 0.20046893317702227,
    0.813599062133646, 0.8968347010550997, 0.779601406799531,
    0.8347010550996483, 0.24150058616647127, 0.19929660023446658,
    0.7995310668229777, 0.895662368112544, 0.7995310668229777,
    0.8464243845252052, 0.19929660023446658, 0.19929660023446658
  ],
  "split2_test_score": [
    0.7584994138335287, 0.8780773739742087, 0.7631887456037515,
    0.839390386869871, 0.20046893317702227, 0.19929660023446658,
    0.7667057444314185, 0.8851113716295428, 0.7420867526377491,
    0.8405627198124267, 0.20164126611957797, 0.19929660023446658,
    0.7608440797186401, 0.8686987104337632, 0.7373974208675264,
    0.8440797186400938, 0.20046893317702227, 0.20046893317702227,
    0.7655334114888629, 0.8628370457209847, 0.7678780773739742,
    0.861664712778429, 0.19929660023446658, 0.20046893317702227
  ],
  "mean_test_score": [
    0.7828095357067356, 0.8906266444463359, 0.7730501613902533,
    0.8328190077176297, 0.19999990848298654, 0.19921926835808412,
    0.7890615204819652, 0.8925819054391306, 0.7820275228266311,
    0.8265780049840165, 0.20039068613050512, 0.19999990848298654,
    0.787499782647093, 0.8824221441887153, 0.7644484772941714,
    0.8390627559616471, 0.21406790379365478, 0.2519124767889975,
    0.7839832414044934, 0.8785161980537991, 0.7843744766370792,
    0.8531257178365744, 0.19960913083546797, 0.19999990848298654
  ],