{
  mean_fit_time": [
    19.24954930941264, 261.2051502863566, 19.577014764149983, 245.3589492638906,
    20.266242424647015, 250.95899303754172, 45.062613566716514,
    601.8077066739401, 50.936530431111656, 492.2046000957489, 50.60016210873922,
    503.6062050660451, 21.137571970621746, 213.0255562464396, 24.48377752304077,
    198.18853894869486, 26.402527570724487, 192.7170749505361,
    36.87020460764567, 346.4146858056386, 41.594851891199745, 311.9660472869873,
    41.49214688936869, 262.9946490923564
  ],
  "std_fit_time": [
    2.860937323222865, 10.729217358627327, 0.5721963373188238, 3.15472229947868,
    0.3352905491611904, 17.270724702652487, 4.1473268047466485,
    20.119544062951974, 3.0278188595512234, 19.381790727404216,
    5.9365830486639055, 29.201843667540448, 2.5714311346005334,
    18.90439849933352, 2.2017674287361557, 1.0839002456416869,
    3.7584724935327185, 8.691384950062599, 3.135170722220808,
    10.896715683426589, 1.6640839281650448, 4.603233320867099,
    0.8156038353402636, 7.849937044030939
  ],
  "mean_score_time": [
    0.7565829753875732, 6.380771080652873, 0.7691804567972819,
    3.127643267313639, 0.7493244012196859, 5.668461720148723,
    1.1306804021199544, 8.41724960009257, 1.7477704683939617, 6.278138637542725,
    1.459842840830485, 5.628602822621663, 1.486281394958496, 7.226028760274251,
    1.309883991877238, 5.411104281743367, 1.9614187876383464, 5.641155004501343,
    1.865130345026652, 2.4953339099884033, 1.2907435894012451,
    1.283277193705241, 2.3295419216156006, 0.8312908808390299
  ],
  "std_score_time": [
    0.09504670420447099, 3.106401789912517, 0.15479429400993944,
    0.05648345609465617, 0.07650475636445402, 3.611494182082481,
    0.44561922114144115, 2.069116811783391, 0.2485537882352698,
    0.45798210029165465, 0.13216699208040145, 0.9451889130117205,
    0.4519876761346619, 2.484626773959264, 0.24419817132676977,
    1.249801478444987, 0.12663666863793127, 0.128755056257653,
    0.9380070026970502, 0.21264430904133735, 0.42468137014193086,
    1.0309700237702866, 0.6170462233520692, 0.46199356068210207
  ],
  "param_batch_size": [
    32, 32, 32, 32, 32, 32, 32, 32, 32, 32, 32, 32, 64, 64, 64, 64, 64, 64, 64,
    64, 64, 64, 64, 64
  ],
  "param_epochs": [
    10, 10, 10, 10, 10, 10, 20, 20, 20, 20, 20, 20, 10, 10, 10, 10, 10, 10, 20,
    20, 20, 20, 20, 20
  ],
  "param_learning_rate": [
    0.001, 0.001, 0.01, 0.01, 0.1, 0.1, 0.001, 0.001, 0.01, 0.01, 0.1, 0.1,
    0.001, 0.001, 0.01, 0.01, 0.1, 0.1, 0.001, 0.001, 0.01, 0.01, 0.1, 0.1
  ],
  "param_model_type": [
    "mlp",
    "cnn",
    "mlp",
    "cnn",
    "mlp",
    "cnn",
    "mlp",
    "cnn",
    "mlp",
    "cnn",
    "mlp",
    "cnn",
    "mlp",
    "cnn",
    "mlp",
    "cnn",
    "mlp",
    "cnn",
    "mlp",
    "cnn",
    "mlp",
    "cnn",
    "mlp",
    "cnn"
  ],
  "params": [
    {
      "batch_size": 32,
      "epochs": 10,
      "learning_rate": 0.001,
      "model_type": "mlp"
    },
    {
      "batch_size": 32,
      "epochs": 10,
      "learning_rate": 0.001,
      "model_type": "cnn"
    },
    {
      "batch_size": 32,
      "epochs": 10,
      "learning_rate": 0.01,
      "model_type": "mlp"
    },
    {
      "batch_size": 32,
      "epochs": 10,
      "learning_rate": 0.01,
      "model_type": "cnn"
    },
    {
      "batch_size": 32,
      "epochs": 10,
      "learning_rate": 0.1,
      "model_type": "mlp"
    },
    {
      "batch_size": 32,
      "epochs": 10,
      "learning_rate": 0.1,
      "model_type": "cnn"
    },
    {
      "batch_size": 32,
      "epochs": 20,
      "learning_rate": 0.001,
      "model_type": "mlp"
    },
    {
      "batch_size": 32,
      "epochs": 20,
      "learning_rate": 0.001,
      "model_type": "cnn"
    },
    {
      "batch_size": 32,
      "epochs": 20,
      "learning_rate": 0.01,
      "model_type": "mlp"
    },
    {
      "batch_size": 32,
      "epochs": 20,
      "learning_rate": 0.01,
      "model_type": "cnn"
    },
    {
      "batch_size": 32,
      "epochs": 20,
      "learning_rate": 0.1,
      "model_type": "mlp"
    },
    {
      "batch_size": 32,
      "epochs": 20,
      "learning_rate": 0.1,
      "model_type": "cnn"
    },
    {
      "batch_size": 64,
      "epochs": 10,
      "learning_rate": 0.001,
      "model_type": "mlp"
    },
    {
      "batch_size": 64,
      "epochs": 10,
      "learning_rate": 0.001,
      "model_type": "cnn"
    },
    {
      "batch_size": 64,
      "epochs": 10,
      "learning_rate": 0.01,
      "model_type": "mlp"
    },
    {
      "batch_size": 64,
      "epochs": 10,
      "learning_rate": 0.01,
      "model_type": "cnn"
    },
    {
      "batch_size": 64,
      "epochs": 10,
      "learning_rate": 0.1,
      "model_type": "mlp"
    },
    {
      "batch_size": 64,
      "epochs": 10,
      "learning_rate": 0.1,
      "model_type": "cnn"
    },
    {
      "batch_size": 64,
      "epochs": 20,
      "learning_rate": 0.001,
      "model_type": "mlp"
    },
    {
      "batch_size": 64,
      "epochs": 20,
      "learning_rate": 0.001,
      "model_type": "cnn"
    },
    {
      "batch_size": 64,
      "epochs": 20,
      "learning_rate": 0.01,
      "model_type": "mlp"
    },
    {
      "batch_size": 64,
      "epochs": 20,
      "learning_rate": 0.01,
      "model_type": "cnn"
    },
    {
      "batch_size": 64,
      "epochs": 20,
      "learning_rate": 0.1,
      "model_type": "mlp"
    },
    {
      "batch_size": 64,
      "epochs": 20,
      "learning_rate": 0.1,
      "model_type": "cnn"
    }
  ],
  "split0_test_score": [
    0.6079295154185022, 0.7738619676945668, 0.6402349486049926,
    0.750367107195301, 0.2511013215859031, 0.2511013215859031,
    0.6534508076358296, 0.7606461086637298, 0.6358296622613803,
    0.7312775330396476, 0.2511013215859031, 0.24669603524229075,
    0.6358296622613803, 0.7518355359765051, 0.6196769456681351,
    0.2511013215859031, 0.2511013215859031, 0.2511013215859031,
    0.6284875183553598, 0.7709251101321586, 0.6328928046989721,
    0.7577092511013216, 0.24669603524229075, 0.2511013215859031
  ],
  "split1_test_score": [
    0.6431718061674009, 0.775330396475771, 0.644640234948605, 0.748898678414097,
    0.2511013215859031, 0.24963289280469897, 0.6607929515418502,
    0.775330396475771, 0.6417033773861968, 0.6740088105726872,
    0.24963289280469897, 0.24963289280469897, 0.6431718061674009,
    0.7856093979441997, 0.657856093979442, 0.7298091042584435,
    0.2511013215859031, 0.2511013215859031, 0.6328928046989721,
    0.7650513950073421, 0.6372980910425844, 0.7474302496328928,
    0.2511013215859031, 0.24816446402349487
  ],
  "split2_test_score": [
    0.6352941176470588, 0.7838235294117647, 0.6470588235294118,
    0.7029411764705882, 0.25, 0.2514705882352941, 0.6455882352941177,
    0.7691176470588236, 0.6308823529411764, 0.7014705882352941, 0.25, 0.25,
    0.6441176470588236, 0.7941176470588235, 0.6426470588235295,
    0.7382352941176471, 0.34558823529411764, 0.25, 0.6338235294117647,
    0.7779411764705882, 0.625, 0.7647058823529411, 0.25, 0.25735294117647056
  ],
  "mean_test_score": [
    0.6287984797443206, 0.7776719645273675, 0.6439780023610031,
    0.7340689873599953, 0.25073421439060206, 0.2507349342086321,
    0.6532773314905992, 0.7683647173994413, 0.6361384641962512,
    0.7022523106158763, 0.2502447381302007, 0.24877630934899655,
    0.6410397051625348, 0.7771875269931762, 0.6400600328237022,
    0.5730485733206646, 0.2825969594886413, 0.25073421439060206,
    0.6317346174886989, 0.7713058938700296, 0.6317302985805188,
    0.7566151276957185, 0.24926578560939794, 0.25220624226195615
  ],